user_id,city,segment,order_frequency,avg_order_value
1,Los Angeles,Premium,6,44.23898472752265
2,Phoenix,Premium,4,29.480156163500403
3,Chicago,Budget,4,5.1425089541211255
4,Dallas,Premium,5,15.162969455087836
5,San Antonio,Premium,5,11.296615993751907
6,Los Angeles,Premium,6,24.236239406573937
7,Dallas,Budget,5,10.86204685302705
8,Dallas,Premium,10,24.402228415378012
9,Dallas,Budget,4,7.355566169340829
10,San Diego,Budget,6,5.519862183563332
11,New York,Budget,6,16.298309607221206
12,Chicago,Budget,5,18.9892727913518
13,Philadelphia,Premium,5,36.22893729705907
14,Houston,Budget,9,7.774864500089097
15,Philadelphia,Premium,3,9.881109180628439
16,San Antonio,Premium,7,33.82654362600106
17,Philadelphia,Budget,8,12.788403384338565
18,New York,Budget,5,19.773101327546865
19,Dallas,Premium,4,5.324996084117723
20,San Antonio,Premium,5,23.873259231629273
21,Phoenix,Budget,8,12.554951190786788
22,San Jose,Budget,4,41.74672713477616
23,Philadelphia,Budget,7,8.158710082253618
24,Los Angeles,Premium,6,40.12533215677319
25,Houston,Budget,3,5.610659578041228
26,Los Angeles,Budget,6,12.607369039445244
27,Los Angeles,Budget,6,13.649869584033482
28,San Diego,Budget,6,23.41955546853472
29,Philadelphia,Premium,8,23.25537380325288
30,Philadelphia,Premium,1,14.052836914029246
31,Phoenix,Budget,6,8.367961342820173
32,Los Angeles,Budget,7,6.922562284620785
33,Chicago,Budget,8,10.672513273727798
34,Houston,Premium,4,78.26375394930282
35,San Antonio,Premium,7,18.876802845348436
36,Dallas,Premium,8,29.08348272198746
37,Philadelphia,Budget,8,20.67058663816893
38,New York,Premium,11,20.608022252898778
39,New York,Budget,8,9.557423917795571
40,San Antonio,Premium,5,20.924842086267113
41,Houston,Budget,4,26.58082445212409
42,San Jose,Budget,4,12.991242804344084
43,Philadelphia,Premium,9,13.514181705785228
44,San Diego,Budget,5,11.503275021068482
45,San Diego,Premium,4,32.223333888714706
46,Chicago,Premium,8,37.83382060835647
47,Dallas,Budget,3,15.209340018986207
48,San Jose,Budget,5,17.945098735727054
49,San Jose,Budget,5,25.044059270452582
50,Houston,Budget,5,5.942137543263611
51,Chicago,Budget,5,26.923739536443286
52,Los Angeles,Budget,8,6.560666842347488
53,Los Angeles,Premium,2,23.11532769044041
54,Chicago,Budget,4,8.923160857902882
55,San Antonio,Budget,8,8.048634860788315
56,San Antonio,Budget,11,9.206497455106271
57,San Diego,Budget,8,10.63850289712026
58,Dallas,Budget,10,8.966116673636567
59,New York,Budget,4,4.28444544391434
60,Los Angeles,Budget,4,29.524362154692998
61,Dallas,Budget,4,9.809470499640463
62,Philadelphia,Premium,4,22.24042021501111
63,San Antonio,Premium,9,23.463682091323726
64,New York,Budget,5,25.474503990427362
65,Phoenix,Budget,3,14.315734974142725
66,Chicago,Budget,9,8.055737159625739
67,Los Angeles,Budget,6,15.43771735343447
68,Phoenix,Budget,8,12.518096144452317
69,Dallas,Budget,7,4.212482485163283
70,Chicago,Budget,7,9.366340726275691
71,Chicago,Budget,12,11.742261667068966
72,Dallas,Budget,10,10.579195729197727
73,San Jose,Budget,7,9.727600567148329
74,New York,Premium,6,27.424176165715643
75,Philadelphia,Budget,7,13.26310939289843
76,Phoenix,Premium,5,35.75258567915535
77,Houston,Budget,6,20.680934628584357
78,Los Angeles,Premium,8,8.336389898654726
79,San Diego,Budget,7,12.144791930107294
80,Dallas,Budget,4,14.902957207231548
81,Chicago,Budget,3,14.633290774326696
82,Dallas,Premium,6,12.554260710884165
83,Dallas,Budget,3,8.103130458354865
84,San Antonio,Budget,3,9.21181826215644
85,Dallas,Budget,5,15.757154172999236
86,Houston,Budget,4,22.249455497446156
87,San Antonio,Budget,5,10.617187512662602
88,Philadelphia,Budget,5,3.8537219348363365
89,Dallas,Budget,6,26.09891402164501
90,Houston,Premium,4,5.880409907074497
91,Philadelphia,Premium,4,22.40112915432064
92,Dallas,Premium,7,31.66721951617433
93,Houston,Premium,4,31.9154038887253
94,New York,Premium,5,52.18047173680425
95,New York,Budget,3,9.05940131528205
96,Los Angeles,Budget,4,7.909025812034939
97,Phoenix,Budget,8,15.649807143515648
98,Houston,Budget,7,7.472445917414797
99,San Jose,Budget,4,5.685134202902093
100,Houston,Budget,5,18.153586732250346
101,San Antonio,Premium,3,14.865092224258548
102,Los Angeles,Budget,10,17.816509854227633
103,Philadelphia,Budget,5,21.84322993699345
104,San Diego,Budget,4,13.835121864912828
105,New York,Budget,7,10.750354163391435
106,Los Angeles,Premium,6,38.49491738408816
107,Philadelphia,Budget,9,14.429117357768865
108,Los Angeles,Premium,7,16.31942380831429
109,Houston,Budget,6,23.18458184099758
110,Chicago,Budget,7,9.7540367101193
111,Phoenix,Budget,6,16.897789730139113
112,Los Angeles,Budget,5,11.848575679624576
113,Dallas,Premium,10,22.019791794354475
114,Dallas,Budget,6,12.807714968757955
115,Los Angeles,Budget,6,20.811344227844845
116,Houston,Premium,1,15.008244737896192
117,San Diego,Budget,7,5.746652384018274
118,San Antonio,Budget,4,10.693460833100863
119,Chicago,Budget,6,7.325811360644323
120,San Antonio,Premium,4,26.006191761017423
121,San Diego,Premium,6,18.964674091506133
122,Dallas,Budget,3,13.164427583098252
123,San Diego,Premium,6,37.45134396551002
124,Phoenix,Premium,6,7.122828329219068
125,New York,Budget,3,15.528204232020173
126,Dallas,Premium,3,13.649002320182873
127,Philadelphia,Premium,3,21.10210690508698
128,San Jose,Budget,4,11.413848821337105
129,Dallas,Premium,8,8.71556418373212
130,Dallas,Premium,7,48.53782870063408
131,Chicago,Premium,8,19.711114190939266
132,Los Angeles,Budget,5,21.1502334024507
133,Houston,Budget,7,9.300983617093413
134,San Jose,Premium,3,13.610582801326604
135,San Jose,Premium,7,22.82861669493577
136,Los Angeles,Budget,7,19.91245652581481
137,San Jose,Budget,3,13.37494769658254
138,Philadelphia,Budget,6,8.35039241714154
139,Houston,Budget,7,16.506981822506155
140,Philadelphia,Premium,4,9.397183422829047
141,San Antonio,Premium,3,19.73721134452389
142,Phoenix,Budget,8,29.529811660089216
143,Los Angeles,Premium,4,19.35175833648577
144,San Jose,Budget,9,16.61550089943656
145,Los Angeles,Premium,5,24.8985385646703
146,Houston,Budget,4,13.515590129858829
147,Chicago,Budget,11,6.034059725315738
148,Los Angeles,Budget,3,15.650716078571666
149,Philadelphia,Premium,4,41.40861463586303
150,San Diego,Budget,6,13.44056520636521
151,Phoenix,Budget,6,9.406075167662314
152,Dallas,Premium,9,40.63678618674994
153,Dallas,Premium,4,7.638191415588922
154,Los Angeles,Budget,6,6.661216224536963
155,Chicago,Premium,9,23.210025569718226
156,Los Angeles,Budget,4,41.58128016502009
157,Chicago,Premium,8,40.8641080504759
158,San Jose,Premium,5,15.098974885294457
159,Philadelphia,Premium,6,26.357412675788883
160,Phoenix,Budget,5,20.943007650403096
161,Phoenix,Budget,4,9.404556919527844
162,New York,Premium,9,22.463549555850125
163,San Antonio,Budget,13,11.20590598988151
164,New York,Premium,7,21.614336972142297
165,Chicago,Budget,9,13.80032084948243
166,Phoenix,Premium,8,44.20008180535106
167,San Diego,Budget,5,9.582457337650295
168,San Antonio,Budget,7,12.986383022486415
169,Los Angeles,Premium,3,28.964235308545693
170,Chicago,Budget,6,20.905964481793323
171,Philadelphia,Budget,6,10.90033595993197
172,Chicago,Budget,9,6.865581122222229
173,New York,Budget,2,6.5158018981384505
174,New York,Budget,11,25.075275028838195
175,Houston,Budget,6,14.694730632817269
176,Los Angeles,Budget,4,8.341977024295797
177,Dallas,Budget,6,11.172803436104747
178,San Antonio,Budget,7,8.63583282849754
179,Chicago,Budget,5,40.4883039447978
180,Houston,Budget,3,12.0455880417473
181,Chicago,Budget,4,7.383073350288584
182,New York,Premium,6,17.451923181624913
183,Philadelphia,Budget,5,30.14412551003477
184,San Antonio,Budget,8,14.569974417124353
185,Houston,Premium,7,14.502064204025542
186,Los Angeles,Budget,7,9.564488095669821
187,New York,Budget,8,9.477041048907722
188,Houston,Premium,3,22.327017343037532
189,San Diego,Budget,8,13.62935481975054
190,Houston,Premium,10,33.904547546567024
191,Houston,Budget,7,14.323478782998217
192,Phoenix,Budget,7,10.530280990032116
193,Phoenix,Budget,6,9.64220097377761
194,Dallas,Budget,5,14.487003553746185
195,Dallas,Budget,8,18.607030719940703
196,New York,Premium,7,37.01230620363958
197,Phoenix,Premium,5,18.812885116624077
198,Phoenix,Premium,4,11.971425091349271
199,San Jose,Budget,4,13.06153036854541
200,Philadelphia,Budget,7,15.275762865578624
201,Dallas,Premium,6,14.70394050830637
202,San Jose,Premium,11,52.301009706356176
203,New York,Budget,8,20.137249050775665
204,New York,Budget,11,10.738226856255618
205,Dallas,Budget,4,7.0417904037604355
206,Houston,Budget,6,5.929705557271022
207,Los Angeles,Budget,4,8.635873179186271
208,Philadelphia,Budget,5,37.57045246147593
209,Los Angeles,Budget,8,10.736585941457738
210,Phoenix,Budget,5,14.820958069607423
211,San Antonio,Budget,6,19.28173554453596
212,Phoenix,Budget,5,5.555284840465373
213,Houston,Budget,5,5.493156985996366
214,San Antonio,Budget,6,15.183926010258403
215,Chicago,Budget,8,6.540858214407393
216,Phoenix,Budget,6,8.615366413409284
217,New York,Budget,7,22.472497288640326
218,Houston,Budget,7,27.431672628161042
219,San Jose,Budget,8,16.19158300449651
220,Philadelphia,Budget,3,27.500338441605514
221,San Diego,Budget,5,12.391883900082313
222,Dallas,Budget,5,8.289696718579371
223,Chicago,Budget,9,8.563372293738006
224,Phoenix,Budget,7,11.847483251337819
225,San Jose,Budget,8,12.63534920017172
226,Houston,Budget,6,17.99401297122005
227,Houston,Budget,5,8.223576976817197
228,Chicago,Premium,5,10.323094019603992
229,Houston,Budget,10,9.783589065821719
230,San Jose,Budget,7,21.82707940811181
231,Los Angeles,Budget,7,41.780879971288485
232,San Jose,Premium,5,17.286569280107447
233,San Antonio,Budget,3,15.703424901494333
234,Houston,Premium,5,20.63511444240603
235,New York,Budget,6,10.949333255882436
236,Los Angeles,Budget,3,25.671028708433127
237,Houston,Premium,5,14.780351069215435
238,Dallas,Budget,7,10.47262968089997
239,Dallas,Premium,7,11.189138007596553
240,Los Angeles,Budget,4,4.948130266126126
241,San Diego,Budget,3,18.756682953241913
242,Dallas,Budget,4,8.18071789893897
243,San Diego,Budget,7,22.159931059309326
244,Dallas,Budget,4,11.254130462474656
245,Dallas,Budget,10,8.999708879866622
246,Chicago,Budget,5,30.356323755503034
247,San Diego,Budget,7,15.33267345681089
248,Houston,Budget,4,8.681048489721054
249,Phoenix,Budget,3,8.155998211242325
250,Dallas,Budget,6,23.32219920164135
251,Houston,Premium,5,33.05007524188794
252,Los Angeles,Budget,4,8.34449846890079
253,Houston,Premium,6,14.559458990174091
254,Philadelphia,Budget,8,19.373769509598773
255,Los Angeles,Premium,8,17.9820347168835
256,Houston,Budget,11,10.607839996627145
257,Chicago,Budget,8,11.621003704096408
258,Los Angeles,Budget,9,11.670372615542163
259,Philadelphia,Budget,8,10.973555921056908
260,San Antonio,Premium,7,13.127900478421283
261,San Antonio,Budget,3,8.228064768340612
262,San Jose,Budget,5,16.84645446115643
263,New York,Budget,10,21.829762598439657
264,San Jose,Budget,5,9.14768733899804
265,New York,Budget,9,21.283902305569313
266,Phoenix,Budget,6,8.805417974587451
267,San Antonio,Budget,4,13.395568162443146
268,Dallas,Budget,7,16.254650185446682
269,Houston,Budget,6,13.071615497192782
270,Phoenix,Budget,7,5.031812802114533
271,New York,Budget,5,12.016041484745694
272,San Antonio,Budget,6,29.551242736096825
273,San Diego,Budget,5,7.476855862329508
274,San Jose,Budget,6,7.797257585900661
275,San Antonio,Budget,4,12.817637393685494
276,New York,Premium,4,11.409961666800696
277,San Antonio,Premium,7,29.878296277417338
278,San Diego,Premium,7,10.727980072071897
279,Phoenix,Budget,5,7.33083254918506
280,Houston,Budget,6,12.564054568681168
281,Philadelphia,Budget,8,16.602895875889597
282,San Antonio,Premium,5,56.190501763866905
283,San Antonio,Premium,5,21.356051838751505
284,Los Angeles,Budget,9,27.449260542075223
285,Dallas,Premium,6,33.757221941098585
286,Philadelphia,Premium,8,25.860379453407443
287,Los Angeles,Budget,9,10.30482604899057
288,New York,Budget,6,9.956003821846855
289,Houston,Premium,9,11.083908355752602
290,New York,Budget,3,10.722818372263838
291,Houston,Premium,6,21.85064603961214
292,Los Angeles,Budget,8,23.542299169250803
293,Houston,Budget,5,9.183033638943218
294,Phoenix,Budget,8,9.920920114257191
295,Chicago,Budget,7,14.03625936033554
296,Los Angeles,Budget,7,10.70325085071027
297,Chicago,Budget,3,15.751788664593654
298,Los Angeles,Budget,9,13.326984518995424
299,Phoenix,Budget,7,9.321615093920368
300,San Antonio,Budget,9,11.643328544399747
301,Houston,Premium,7,24.134531485989054
302,Houston,Premium,3,50.354693807154185
303,Phoenix,Budget,6,15.091874422023114
304,San Jose,Budget,5,19.09769900482386
305,San Jose,Budget,7,14.494440876384008
306,Philadelphia,Budget,4,21.79660849301945
307,Philadelphia,Premium,9,18.751537380581784
308,Philadelphia,Premium,7,32.34428272864616
309,San Antonio,Budget,9,8.404478404325992
310,Los Angeles,Budget,3,6.296467390044268
311,Philadelphia,Budget,6,7.789944134785026
312,San Diego,Budget,2,8.717172254453619
313,San Antonio,Premium,2,34.544204423847376
314,Dallas,Budget,6,9.126980830686833
315,Phoenix,Budget,6,9.978612712511127
316,Dallas,Budget,9,8.789445386931446
317,San Diego,Budget,2,9.568433219665001
318,San Jose,Premium,4,21.615194273751825
319,Houston,Budget,5,26.06775862305934
320,Los Angeles,Premium,2,15.713673785628206
321,San Diego,Premium,7,28.620041141278815
322,San Diego,Budget,6,13.68921183916565
323,San Antonio,Budget,3,5.21454224245882
324,San Diego,Budget,4,8.821706091082337
325,Chicago,Budget,9,20.091385859908332
326,Philadelphia,Budget,10,8.711899898222923
327,Philadelphia,Premium,6,17.218473668036786
328,San Jose,Budget,2,17.99025578673679
329,Phoenix,Budget,5,21.224394009302962
330,Dallas,Budget,7,6.7415974408266175
331,Los Angeles,Premium,4,16.148175234945555
332,San Antonio,Budget,3,11.532799405891426
333,Houston,Budget,4,11.62645336775952
334,San Diego,Budget,9,13.660264438138187
335,New York,Premium,8,13.54622788970434
336,Houston,Budget,3,8.931427181488322
337,Houston,Budget,6,10.994074592536434
338,San Jose,Budget,8,39.137527529757534
339,Dallas,Budget,4,13.914662621721012
340,San Antonio,Budget,6,29.504958976940703
341,Dallas,Budget,9,7.745669008688036
342,San Diego,Premium,11,14.485046344169328
343,Phoenix,Premium,6,18.772120880261284
344,Houston,Budget,4,20.12138701719167
345,Dallas,Budget,6,21.600027639022514
346,Chicago,Premium,4,15.397752102242725
347,San Diego,Premium,5,28.86263619505228
348,San Jose,Budget,9,15.769680543762224
349,Dallas,Budget,4,11.072628421939008
350,Los Angeles,Budget,4,9.260704855692
351,Phoenix,Premium,5,27.92780630361102
352,Chicago,Budget,2,19.46825263480064
353,Dallas,Premium,5,18.58839942061684
354,New York,Budget,8,17.294147380583862
355,Dallas,Premium,7,22.305420209126435
356,Chicago,Budget,7,9.52749574519188
357,San Diego,Premium,5,15.455358953476896
358,New York,Budget,3,13.14678755017214
359,San Diego,Budget,3,10.340338874890973
360,Philadelphia,Premium,2,21.706143735560296
361,New York,Premium,4,10.247815267824523
362,San Diego,Premium,9,13.33471880122272
363,Los Angeles,Budget,6,15.817577799911192
364,Los Angeles,Budget,9,8.099464974366477
365,New York,Premium,5,9.769438271830861
366,San Jose,Budget,4,10.971200654185239
367,Los Angeles,Budget,8,19.795817256025156
368,Los Angeles,Budget,5,27.1432015797102
369,San Antonio,Budget,7,5.094064007155428
370,San Jose,Premium,3,21.31709222981862
371,Dallas,Budget,2,10.866667129863107
372,San Diego,Premium,5,12.216961984100422
373,San Jose,Budget,10,10.817362018672817
374,Phoenix,Budget,2,13.411564834516447
375,New York,Budget,6,19.97206574874386
376,Los Angeles,Budget,7,6.198312747742338
377,Houston,Budget,4,11.569503411446323
378,Phoenix,Budget,10,5.357007915102414
379,Chicago,Premium,4,38.12315718018446
380,Dallas,Premium,7,26.545109480484058
381,New York,Budget,7,8.023931784457407
382,San Jose,Budget,6,34.63169699583486
383,New York,Premium,5,15.152263283853465
384,Phoenix,Budget,4,11.687071119147799
385,San Diego,Premium,13,55.26582980360092
386,Houston,Budget,5,6.162071464388833
387,San Jose,Budget,10,24.440365311513457
388,Houston,Budget,5,21.92530729536254
389,Dallas,Premium,2,10.748821632834197
390,Chicago,Budget,6,16.481815185675234
391,Chicago,Premium,5,10.256819124457891
392,Chicago,Budget,9,5.465030849812728
393,San Jose,Budget,5,5.679507388747802
394,San Jose,Budget,2,12.382544617001873
395,San Diego,Premium,7,45.087555965103974
396,Phoenix,Budget,9,12.83502765224797
397,Phoenix,Budget,5,3.3131290384583196
398,San Diego,Budget,9,13.456658958710495
399,San Jose,Premium,3,23.899038829005622
400,San Antonio,Budget,1,9.548515696313597
401,San Jose,Premium,5,11.662482091022028
402,Los Angeles,Premium,2,11.67077012006141
403,San Jose,Budget,9,18.76133925000958
404,New York,Budget,9,16.27811576558353
405,Phoenix,Budget,4,15.017243543869522
406,Chicago,Budget,4,24.552146800671576
407,San Diego,Budget,6,16.500018952926567
408,Chicago,Budget,11,11.116179844545973
409,San Antonio,Budget,10,15.288357386508645
410,San Diego,Budget,4,9.324388399744718
411,San Diego,Budget,4,17.940589772465938
412,Philadelphia,Budget,8,7.3837486864911925
413,Los Angeles,Budget,6,6.968704479586223
414,Philadelphia,Budget,9,7.344506046816585
415,San Diego,Premium,4,12.004892150394598
416,San Antonio,Budget,5,6.194518927352014
417,Dallas,Premium,6,26.32524544823855
418,Los Angeles,Budget,7,11.282556500679414
419,Philadelphia,Premium,5,10.338166417228564
420,San Antonio,Budget,7,12.663664874341615
421,New York,Budget,5,19.574411448378132
422,Dallas,Budget,4,6.404639266428612
423,New York,Premium,6,36.4140867578716
424,Philadelphia,Budget,7,20.223349855516954
425,San Diego,Budget,8,10.862371142994533
426,New York,Premium,7,19.653619603515065
427,Dallas,Premium,4,13.037169428157318
428,Phoenix,Budget,7,11.353613267917543
429,San Diego,Premium,6,23.268768751545252
430,San Jose,Budget,3,10.835156727821374
431,Chicago,Budget,4,28.574281745616542
432,New York,Budget,10,10.481358977289732
433,Los Angeles,Premium,6,21.69140193942092
434,Los Angeles,Budget,9,17.871972150601547
435,Los Angeles,Budget,6,9.25553204840993
436,Chicago,Budget,3,18.723771944043943
437,Phoenix,Budget,5,9.520416413876822
438,Phoenix,Budget,4,25.073612585636308
439,San Diego,Budget,5,8.609110600167488
440,Houston,Budget,5,14.367801994786587
441,Chicago,Budget,9,17.353916431718257
442,San Jose,Budget,6,12.237672371290643
443,Chicago,Budget,10,7.253551531290533
444,Phoenix,Budget,3,17.670699090601026
445,San Antonio,Budget,5,10.585553311224709
446,Dallas,Premium,4,24.8406905878925
447,New York,Premium,4,13.894692181877096
448,Phoenix,Budget,9,8.59134758585222
449,San Jose,Budget,7,10.299903255691202
450,San Diego,Budget,6,8.209379318031726
451,San Diego,Budget,3,45.168346620736074
452,Philadelphia,Budget,4,6.986756909329063
453,Dallas,Budget,10,8.166012452373865
454,Philadelphia,Budget,5,11.80163065106438
455,Houston,Budget,7,22.198827634198345
456,Houston,Budget,6,9.526227425183496
457,San Antonio,Premium,4,31.454218208951165
458,San Diego,Budget,2,23.044739465462214
459,San Antonio,Budget,4,16.43473683937745
460,Chicago,Budget,8,17.016275090725767
461,New York,Premium,6,23.296142118988534
462,San Jose,Budget,9,15.357322523272288
463,Los Angeles,Budget,5,10.122351015922607
464,San Diego,Premium,4,9.946457826091756
465,San Diego,Premium,8,21.887586943556144
466,Chicago,Budget,5,16.064720751352755
467,Chicago,Premium,8,12.494491118378622
468,Phoenix,Budget,3,24.962320048238706
469,San Antonio,Budget,4,12.777324796892392
470,Philadelphia,Budget,11,10.678964714180436
471,Dallas,Budget,8,11.60378793198569
472,Philadelphia,Budget,2,9.469775570762335
473,San Diego,Budget,7,16.627118303101806
474,New York,Budget,6,23.676113241139934
475,Houston,Budget,9,17.319288245107977
476,Phoenix,Budget,11,13.191589569081113
477,Los Angeles,Budget,7,21.252473000718403
478,Los Angeles,Budget,6,20.88070767173484
479,Los Angeles,Budget,6,15.824185571048288
480,Phoenix,Budget,9,23.699017466774265
481,New York,Budget,6,11.74028649231891
482,New York,Premium,6,16.025324655581716
483,Philadelphia,Budget,8,13.826438864887631
484,Houston,Budget,6,18.359956323702857
485,San Jose,Budget,7,8.760025936577048
486,Chicago,Premium,4,14.119626404245984
487,Los Angeles,Budget,8,7.334084540943053
488,San Antonio,Budget,5,8.326196985665355
489,Houston,Budget,6,11.9924875328257
490,San Jose,Premium,6,13.14163826392334
491,San Diego,Budget,5,4.745119141617619
492,San Diego,Premium,5,16.495688863690347
493,New York,Budget,11,28.541188205589012
494,San Diego,Budget,8,11.735611252427246
495,Dallas,Premium,5,52.042895645597795
496,San Diego,Budget,7,27.46683996632609
497,San Jose,Premium,4,25.052985528346998
498,San Antonio,Budget,7,9.82379262144608
499,San Diego,Budget,6,7.020636792329699
500,Houston,Budget,5,17.127404023352014
501,San Diego,Premium,8,30.403718307158393
502,San Antonio,Budget,3,12.017140828261974
503,San Jose,Premium,6,5.084758718085493
504,Phoenix,Premium,7,15.644742404118931
505,San Antonio,Premium,7,7.084742515289517
506,San Jose,Budget,3,28.856876695513456
507,New York,Budget,3,9.16217444995283
508,San Diego,Budget,6,14.364420748157332
509,Phoenix,Budget,6,11.158683982117383
510,Houston,Budget,2,17.018949544975783
511,Philadelphia,Premium,6,21.02844914746287
512,Houston,Budget,10,13.82004670993506
513,Chicago,Budget,3,19.997941216813043
514,New York,Budget,5,20.474676449305903
515,San Diego,Premium,6,27.6669870062444
516,Philadelphia,Budget,2,11.075643820311889
517,Los Angeles,Budget,5,5.341375917977139
518,Philadelphia,Budget,9,12.24282810732096
519,Chicago,Premium,2,12.497663909311564
520,Dallas,Budget,8,29.18577984243335
521,Philadelphia,Budget,5,13.66253020392252
522,Phoenix,Budget,6,28.683838807816578
523,Phoenix,Budget,9,17.57093385610066
524,San Diego,Budget,3,14.074460338064704
525,Phoenix,Budget,6,13.12416303815921
526,Philadelphia,Budget,5,8.673561914394547
527,San Diego,Budget,7,11.787182232084563
528,Chicago,Budget,3,15.261415458278258
529,Houston,Budget,6,20.933390735490228
530,San Antonio,Budget,7,9.625710292660491
531,Dallas,Budget,5,22.200856625530985
532,San Antonio,Premium,6,15.93342842578989
533,Dallas,Premium,5,11.317373424065904
534,Philadelphia,Budget,7,10.420646767873558
535,Phoenix,Budget,6,21.748331294032415
536,Philadelphia,Premium,5,16.977223144284817
537,Houston,Budget,5,6.678712550163862
538,San Jose,Budget,3,9.995746416183602
539,Dallas,Budget,6,14.538116603032984
540,San Jose,Premium,12,17.672941112910355
541,Los Angeles,Budget,9,4.592612654825949
542,San Diego,Budget,4,13.089285152769474
543,Phoenix,Budget,1,25.888964050328553
544,Los Angeles,Premium,9,14.209686699278535
545,New York,Budget,6,6.381666231816903
546,San Diego,Premium,5,26.740924789852784
547,Houston,Budget,6,6.91480990196651
548,Chicago,Budget,2,14.471452050539535
549,Philadelphia,Budget,8,12.701759951986164
550,Dallas,Budget,3,9.393448289591982
551,Chicago,Budget,3,12.786808949271183
552,Los Angeles,Budget,8,9.469504887152526
553,San Jose,Budget,6,16.740497743078627
554,Phoenix,Premium,6,15.265958780578067
555,Philadelphia,Premium,4,7.643964779272947
556,San Diego,Budget,7,8.690751475932192
557,Philadelphia,Premium,4,16.52770637182927
558,Philadelphia,Budget,4,13.18430022673659
559,Philadelphia,Premium,7,29.389950074482336
560,Phoenix,Premium,8,11.325419413736197
561,Los Angeles,Budget,4,16.487653869746133
562,San Diego,Premium,8,35.08299880819441
563,Houston,Budget,9,7.567341445258424
564,San Jose,Budget,5,8.684175234073715
565,New York,Budget,11,8.434650407376031
566,Houston,Budget,6,17.47444734017431
567,San Jose,Premium,4,13.152008925259217
568,Dallas,Premium,5,37.51757360416698
569,Houston,Budget,3,7.131872271708684
570,Houston,Budget,6,31.680759588542955
571,Chicago,Budget,6,5.289376476363516
572,San Jose,Premium,6,34.1022807065159
573,Chicago,Budget,8,7.841779860891344
574,Dallas,Premium,4,14.067815760541116
575,Chicago,Premium,6,22.549727040984973
576,New York,Premium,5,27.750247771710892
577,Philadelphia,Budget,1,7.704949770853104
578,Houston,Budget,2,23.992023010883145
579,New York,Premium,7,40.8178782314262
580,New York,Premium,4,9.07561151396729
581,San Antonio,Budget,5,23.068837782480024
582,Los Angeles,Budget,6,14.425705805927018
583,Philadelphia,Budget,4,21.12401825888828
584,Los Angeles,Budget,7,20.711425042598034
585,Houston,Budget,6,43.69978415965678
586,New York,Budget,3,8.836604298577448
587,Dallas,Budget,5,32.636527460517335
588,New York,Premium,8,19.890965834024996
589,San Diego,Budget,8,10.10378253351096
590,San Antonio,Budget,9,11.270820764112548
591,San Diego,Budget,5,11.126251303488694
592,San Diego,Premium,7,15.686850773377564
593,Los Angeles,Budget,6,9.36575696754516
594,Chicago,Premium,9,21.952368831614024
595,Phoenix,Budget,4,8.002902047979942
596,San Jose,Budget,6,17.085342090914803
597,Philadelphia,Budget,7,11.74013799045654
598,San Jose,Budget,8,11.730205689367445
599,San Diego,Budget,7,16.11561263123108
600,San Antonio,Premium,4,13.372960903105028
601,Los Angeles,Budget,6,9.070662922771698
602,Dallas,Budget,5,18.581038291728785
603,Houston,Budget,6,15.073252708296737
604,Houston,Budget,11,15.01579846650766
605,San Diego,Budget,6,24.53743467623328
606,Los Angeles,Budget,4,16.072542028667094
607,Philadelphia,Budget,4,9.308071314114414
608,Philadelphia,Budget,6,11.38244938872637
609,San Diego,Premium,3,46.892673078336415
610,Los Angeles,Premium,5,51.86500822074653
611,Los Angeles,Budget,3,9.915392181168704
612,Philadelphia,Budget,5,13.013196830808932
613,Dallas,Premium,4,23.56070177479865
614,Dallas,Budget,4,13.007295352752664
615,Los Angeles,Budget,1,21.688782071714446
616,San Antonio,Budget,4,24.365658408111294
617,New York,Budget,3,12.873807482657629
618,San Jose,Budget,5,15.700781118960183
619,Los Angeles,Budget,7,7.777649863188297
620,Houston,Premium,8,10.421893745636618
621,San Diego,Premium,9,13.493680517467524
622,Los Angeles,Budget,6,15.062330663501331
623,Dallas,Budget,4,9.107597754996005
624,Phoenix,Budget,7,6.773785019682541
625,San Antonio,Budget,6,22.24989345356252
626,San Jose,Budget,9,8.916920431149826
627,Dallas,Premium,6,8.00415776860408
628,Phoenix,Premium,5,19.763952437828397
629,Phoenix,Budget,5,19.671933213813624
630,Phoenix,Budget,2,12.50127311629466
631,Philadelphia,Premium,10,13.25033110600915
632,Chicago,Budget,6,8.85390528418468
633,San Antonio,Premium,3,9.539363756548072
634,New York,Premium,4,21.053401402560823
635,Dallas,Premium,5,63.54951565024174
636,San Antonio,Budget,8,5.814052827950145
637,Chicago,Budget,5,12.183631034159617
638,Philadelphia,Budget,7,21.656459609830204
639,San Jose,Budget,10,22.139900451211435
640,New York,Premium,6,31.416197183495534
641,San Jose,Premium,5,21.21490073218679
642,Los Angeles,Premium,8,20.8609642137579
643,San Antonio,Budget,3,8.121375758310444
644,San Diego,Budget,11,6.979496468013246
645,Houston,Budget,5,14.682763868055892
646,Los Angeles,Budget,8,14.241911125545196
647,Los Angeles,Premium,8,20.83425475843017
648,San Jose,Budget,7,11.300856345119557
649,Phoenix,Premium,8,25.44515786319869
650,San Antonio,Budget,7,19.465888886561974
651,New York,Premium,5,33.0579577668825
652,Phoenix,Budget,3,8.458464771742307
653,Chicago,Budget,7,12.2755994842487
654,Phoenix,Budget,5,20.571889689526913
655,New York,Budget,8,6.6869056654545895
656,San Antonio,Premium,9,6.308690129257547
657,San Antonio,Budget,3,8.522073344287053
658,Houston,Budget,3,15.809957333381751
659,Philadelphia,Premium,6,41.587116061816936
660,New York,Budget,2,18.24207825922815
661,San Diego,Budget,4,11.550815706457065
662,Philadelphia,Budget,8,9.709489996758023
663,San Jose,Budget,11,7.480629800433634
664,San Antonio,Premium,2,38.54220852017067
665,San Antonio,Premium,5,11.800066793821951
666,Philadelphia,Premium,3,13.532257510414262
667,San Jose,Budget,8,11.300418606600605
668,Philadelphia,Premium,5,17.058555955035537
669,Los Angeles,Premium,3,21.988759069362146
670,San Jose,Budget,5,23.37434418812164
671,Los Angeles,Budget,3,11.221509157408372
672,Phoenix,Budget,5,13.545395533320354
673,Houston,Budget,4,25.101618592636108
674,Chicago,Premium,5,20.250060897720953
675,Los Angeles,Budget,3,11.392123310913526
676,Houston,Budget,3,14.970095540021603
677,Philadelphia,Budget,6,8.714099968257917
678,Chicago,Premium,9,36.08433931978751
679,Chicago,Premium,5,37.29379201023009
680,Chicago,Budget,4,14.729964464594103
681,Los Angeles,Premium,7,40.654393137075076
682,San Diego,Budget,4,11.330086415466239
683,San Jose,Budget,4,13.084190851748726
684,San Diego,Budget,4,9.125975025984111
685,San Jose,Budget,4,7.166040239076864
686,San Jose,Budget,7,11.908679594447303
687,Philadelphia,Premium,7,38.977516708448576
688,Los Angeles,Budget,6,8.789833397835208
689,Phoenix,Budget,7,11.798366833186277
690,San Jose,Premium,10,26.26258899292937
691,Dallas,Premium,8,46.2718952577489
692,San Diego,Budget,7,7.6043541453684425
693,New York,Budget,5,11.661377765067577
694,Phoenix,Premium,7,26.42101757752242
695,Los Angeles,Budget,2,17.74921265802116
696,Dallas,Budget,10,6.727928525203438
697,San Jose,Budget,4,20.16608034504533
698,New York,Budget,7,9.255312469272548
699,San Jose,Budget,6,36.308372668162995
700,Philadelphia,Budget,3,16.203926739237343
701,Dallas,Premium,10,16.71764581172689
702,New York,Budget,8,8.56418450286431
703,Philadelphia,Budget,9,13.75553112104555
704,Los Angeles,Budget,4,4.301443432748774
705,Chicago,Premium,7,20.13179776771662
706,San Diego,Budget,4,18.35577202830842
707,Dallas,Budget,3,27.707110524909954
708,Chicago,Budget,6,14.589818839767652
709,Phoenix,Budget,4,9.54352657187442
710,Philadelphia,Budget,4,16.720966533873103
711,New York,Budget,3,21.950114642155675
712,Philadelphia,Premium,3,18.060201153705012
713,Los Angeles,Budget,6,8.24347362014437
714,San Antonio,Premium,12,17.638780748361647
715,San Jose,Budget,6,5.43063791232243
716,Philadelphia,Premium,6,23.33195415330161
717,Chicago,Budget,7,13.60454943310976
718,Phoenix,Budget,8,7.351385500606492
719,San Antonio,Premium,6,18.5114005066071
720,Los Angeles,Budget,3,27.382723969928964
721,San Antonio,Budget,5,10.537931591843666
722,Philadelphia,Budget,4,10.167371680779706
723,Dallas,Premium,5,30.870234540584494
724,San Antonio,Budget,9,12.678412474883922
725,New York,Budget,8,11.237113530920638
726,Chicago,Budget,9,8.913453736447376
727,Philadelphia,Budget,7,7.084398416705875
728,San Diego,Premium,4,57.88008733962818
729,Chicago,Premium,5,32.42390006648228
730,Phoenix,Budget,7,13.515020218075378
731,Los Angeles,Budget,2,10.581411288655234
732,Dallas,Budget,11,12.797491485349239
733,Dallas,Premium,7,6.690265730373263
734,Philadelphia,Budget,5,23.566302491127875
735,San Jose,Premium,7,16.502782434717297
736,San Antonio,Premium,5,14.005848399949002
737,Chicago,Budget,10,14.001637923705667
738,San Jose,Budget,3,9.444129378748567
739,Chicago,Budget,3,39.43043158188296
740,New York,Budget,4,8.516268554853886
741,Houston,Budget,10,2.707928171531801
742,San Jose,Premium,5,26.724739330926045
743,San Diego,Premium,4,13.505631383582582
744,Houston,Budget,5,13.127090877375434
745,San Diego,Budget,6,12.462769228767884
746,Houston,Budget,2,16.10561890808131
747,San Jose,Budget,9,42.76712921126399
748,San Diego,Budget,9,11.937977347217917
749,San Antonio,Budget,8,9.070739933526387
750,San Antonio,Budget,4,17.27645180198698
751,Houston,Budget,8,13.69353759149834
752,Chicago,Budget,5,20.44465968337411
753,New York,Budget,9,14.089763330629081
754,Philadelphia,Budget,5,4.491712848635995
755,Los Angeles,Budget,6,6.293625822287546
756,Dallas,Budget,7,4.212930521212305
757,Phoenix,Premium,5,18.736525238353504
758,Chicago,Premium,4,36.691599291703554
759,Dallas,Premium,5,12.276324960073518
760,San Antonio,Premium,5,13.514163402983797
761,Houston,Budget,6,6.899235525771457
762,Philadelphia,Budget,8,7.795800578497898
763,San Antonio,Premium,3,36.97128196660009
764,Dallas,Budget,9,7.11112483728287
765,San Antonio,Budget,8,18.734417469981068
766,Philadelphia,Premium,6,8.150305710137998
767,Philadelphia,Budget,5,10.75600364915498
768,Philadelphia,Budget,6,5.278030671935661
769,Chicago,Premium,8,15.443443324957373
770,San Diego,Budget,4,12.38150103493105
771,Chicago,Budget,5,12.671924333953722
772,San Diego,Budget,7,20.63441794641948
773,New York,Budget,2,8.991357661785909
774,New York,Premium,7,16.408820139671896
775,Chicago,Budget,7,20.905829208276423
776,San Jose,Budget,8,19.519115297230233
777,Los Angeles,Budget,6,15.96588501419033
778,Houston,Budget,4,18.87964926719939
779,New York,Premium,5,19.41275730723956
780,San Jose,Budget,7,13.667907775233562
781,Los Angeles,Budget,3,20.099264616368853
782,San Diego,Budget,7,13.905608778795735
783,New York,Budget,7,10.95448890209238
784,San Jose,Premium,6,36.215029043393024
785,Chicago,Premium,3,35.68876771471674
786,New York,Budget,2,14.129834292367628
787,Houston,Budget,7,17.69950055452645
788,Chicago,Budget,6,24.515253172856905
789,Los Angeles,Budget,7,14.319077530968544
790,Philadelphia,Premium,8,38.16460173795079
791,Dallas,Budget,4,6.704229059060094
792,Dallas,Budget,6,14.053923976882546
793,San Antonio,Budget,6,9.073280487954154
794,New York,Budget,8,9.68599165036572
795,Philadelphia,Premium,6,28.367279284056952
796,New York,Budget,7,13.912789104539577
797,Los Angeles,Budget,3,11.145558325656971
798,Los Angeles,Budget,5,7.718303147663253
799,Philadelphia,Premium,5,25.743960576104772
800,Philadelphia,Budget,5,34.38197758483325
801,Chicago,Budget,12,11.123433851436998
802,San Diego,Budget,10,13.054009375111793
803,San Diego,Budget,5,14.958430331311474
804,Chicago,Premium,5,17.89399642380851
805,San Diego,Premium,5,11.762355482594016
806,Houston,Premium,3,47.442588004728975
807,Houston,Budget,9,25.180222113132114
808,Philadelphia,Budget,5,12.268986217919004
809,Dallas,Budget,5,6.763354153917785
810,Dallas,Budget,5,30.273476132051414
811,New York,Budget,3,12.146276299357691
812,Houston,Premium,8,29.72538485440063
813,New York,Budget,10,27.592202019132987
814,Philadelphia,Premium,3,38.70027572302521
815,Philadelphia,Budget,3,17.170224973079506
816,San Antonio,Budget,8,8.00890191954807
817,San Antonio,Budget,2,12.527571933994786
818,Chicago,Budget,3,10.43510020232656
819,San Diego,Budget,8,16.77604037807126
820,Dallas,Premium,8,10.402614084446967
821,Los Angeles,Budget,11,6.071661336499073
822,Los Angeles,Budget,8,11.973845003797955
823,Chicago,Budget,3,7.7274555646262
824,Philadelphia,Premium,7,57.60211360748515
825,Philadelphia,Budget,6,15.489002418411461
826,Phoenix,Budget,7,7.188238597676775
827,San Antonio,Premium,7,13.48976970320961
828,San Diego,Budget,3,7.575870416531056
829,New York,Budget,5,19.602421845513682
830,Philadelphia,Budget,5,15.85443008391741
831,San Antonio,Premium,9,32.38303318812388
832,New York,Premium,8,19.700195361166003
833,San Antonio,Budget,4,40.21282587819581
834,Chicago,Budget,4,22.023902098202957
835,Chicago,Budget,2,17.486225338883653
836,San Diego,Premium,4,21.240284251043814
837,Los Angeles,Premium,5,19.219743913551664
838,Philadelphia,Budget,6,26.957286912661125
839,San Jose,Premium,5,26.034838677361158
840,Chicago,Budget,7,15.609856013812466
841,Philadelphia,Budget,5,10.826986152440172
842,Los Angeles,Budget,5,9.939904149830678
843,Dallas,Budget,7,7.4096687788624065
844,Philadelphia,Budget,5,13.801456013180399
845,Houston,Budget,11,14.006786037925362
846,New York,Budget,7,14.094460365987704
847,San Diego,Budget,5,11.30156853365192
848,Dallas,Premium,3,10.675985955560853
849,Phoenix,Budget,7,10.682710849214008
850,Houston,Budget,4,5.4851970356307715
851,Phoenix,Budget,7,10.200524823539643
852,San Diego,Premium,7,24.71504681665589
853,Chicago,Budget,6,12.708265046392816
854,San Diego,Premium,7,29.934069348153063
855,San Diego,Budget,2,12.494245413619758
856,Philadelphia,Budget,4,25.659177779482903
857,Los Angeles,Budget,4,11.031532586836363
858,Phoenix,Budget,8,7.838532919433128
859,Chicago,Budget,8,8.683328137593671
860,Chicago,Budget,5,14.99587811095966
861,Dallas,Premium,5,15.37710729316087
862,Houston,Budget,6,13.137299596972865
863,Houston,Budget,4,16.31468695672394
864,New York,Budget,3,16.559056506194317
865,San Jose,Budget,9,13.470572486249997
866,Dallas,Premium,6,16.258937704414894
867,Los Angeles,Premium,4,17.68864350308973
868,San Antonio,Budget,6,7.512990139500137
869,San Diego,Budget,5,13.928287149116247
870,San Antonio,Budget,8,8.070637816713871
871,Los Angeles,Premium,9,30.95772224669799
872,Philadelphia,Budget,5,18.26484924914795
873,San Diego,Budget,4,21.07892147870789
874,Dallas,Budget,7,4.07297249003707
875,Dallas,Budget,8,36.69956066957869
876,Chicago,Budget,7,22.1905914494825
877,Chicago,Budget,9,15.823874066802025
878,New York,Budget,6,11.427086729474286
879,Dallas,Premium,8,25.016466747617482
880,Chicago,Premium,8,6.537577036148097
881,Houston,Budget,5,4.264486895269036
882,Dallas,Budget,4,17.14336995625868
883,Los Angeles,Premium,3,23.48414460086722
884,Dallas,Premium,5,48.97094231744648
885,Phoenix,Budget,7,11.171971312787306
886,Los Angeles,Budget,4,10.346710268936228
887,Chicago,Budget,6,17.002374834204634
888,San Jose,Premium,4,19.466442597424265
889,San Jose,Budget,6,15.572912420956444
890,San Jose,Budget,5,19.971919054544703
891,San Jose,Premium,7,17.66178873990285
892,New York,Premium,6,8.964676966538397
893,San Jose,Premium,8,24.89306025327394
894,Houston,Budget,6,18.46392409742345
895,San Antonio,Budget,5,10.458400983028056
896,New York,Budget,8,20.562229989796514
897,Dallas,Premium,3,13.650723235249384
898,Phoenix,Budget,9,19.006302136894657
899,San Antonio,Premium,4,32.399646137147826
900,Los Angeles,Budget,7,38.952254514991644
901,Chicago,Budget,6,6.435516098934595
902,San Diego,Budget,6,8.043719821447507
903,Philadelphia,Budget,10,12.650653466956308
904,Philadelphia,Budget,5,7.297530233320402
905,Philadelphia,Budget,7,8.436758293632316
906,Philadelphia,Budget,5,5.320960010738648
907,Chicago,Budget,4,10.624210157361896
908,Dallas,Budget,7,12.095879090054305
909,Philadelphia,Premium,9,14.208276016286787
910,Los Angeles,Premium,5,14.446907279573374
911,Houston,Premium,7,18.875355160696106
912,New York,Premium,8,18.070989910511535
913,San Antonio,Budget,5,4.639346567602383
914,San Antonio,Premium,3,14.337161226828957
915,Chicago,Budget,7,7.418509934882044
916,San Jose,Budget,6,9.236402069749351
917,Houston,Budget,3,13.589937828822165
918,San Diego,Budget,8,9.745832350374869
919,San Diego,Budget,4,16.08699285758231
920,Phoenix,Budget,7,9.064426760146276
921,Los Angeles,Budget,8,17.499586562192814
922,Dallas,Budget,5,12.560767049154402
923,Houston,Premium,4,49.02780173673987
924,Philadelphia,Premium,6,20.22107105583021
925,Phoenix,Budget,8,6.056289148519367
926,San Diego,Premium,7,36.64541259698201
927,New York,Budget,8,9.969619345231159
928,San Antonio,Premium,4,30.201227900009894
929,Phoenix,Budget,5,22.788826852433296
930,San Antonio,Budget,6,8.25228630011025
931,San Antonio,Premium,4,10.299226526648312
932,Dallas,Premium,8,28.848796596484732
933,Dallas,Premium,4,14.57721024032403
934,San Antonio,Budget,10,16.937450429375673
935,Dallas,Premium,9,29.436609186929903
936,San Jose,Budget,6,7.46156540891242
937,Los Angeles,Premium,5,13.429481597898619
938,Los Angeles,Budget,6,13.386381450623277
939,Philadelphia,Budget,6,20.94917198130699
940,Philadelphia,Budget,7,13.533275710842561
941,Houston,Budget,4,22.48245602091641
942,San Antonio,Budget,6,11.114993986095481
943,New York,Premium,8,23.766313786177367
944,Philadelphia,Budget,6,19.2491459774307
945,Dallas,Budget,4,21.50392021692714
946,San Jose,Budget,10,7.719473118456181
947,Chicago,Budget,5,11.077096273489838
948,San Jose,Budget,8,5.761954071481502
949,San Antonio,Budget,3,10.167652365999986
950,Phoenix,Budget,10,9.465373971858211
951,Dallas,Budget,5,18.562597396654127
952,Dallas,Budget,5,12.324608925942483
953,San Jose,Premium,5,10.325818758369314
954,New York,Budget,6,4.100119558531982
955,Los Angeles,Budget,2,6.016294778103315
956,San Jose,Budget,6,18.20283536631857
957,New York,Budget,5,12.206730479384767
958,Phoenix,Budget,5,16.382914484604008
959,San Jose,Budget,5,8.87193925459252
960,New York,Budget,6,7.22076203300903
961,Chicago,Budget,9,8.284612265661655
962,San Jose,Budget,3,5.0179184280535365
963,San Antonio,Premium,4,24.76141124085312
964,Houston,Premium,6,24.041174673388213
965,Los Angeles,Premium,7,23.570185699911974
966,San Diego,Budget,4,6.02868131690656
967,Chicago,Budget,5,4.528528581929892
968,Houston,Budget,7,10.649808413502111
969,San Jose,Budget,6,11.190596429883765
970,New York,Budget,2,27.615300385513024
971,Dallas,Premium,11,40.593786202372605
972,Philadelphia,Budget,4,6.65723835988481
973,San Diego,Budget,7,13.232842797643606
974,Philadelphia,Budget,7,6.104286416603122
975,San Diego,Budget,4,29.95288127711983
976,Philadelphia,Budget,5,18.7172844356727
977,Phoenix,Budget,6,8.389902813177974
978,Houston,Budget,5,8.751536445641637
979,Phoenix,Budget,4,14.37671148423547
980,Houston,Budget,8,27.360387200507386
981,Phoenix,Budget,6,9.4398456582355
982,Houston,Budget,7,17.54483624376846
983,San Diego,Budget,4,11.801341723711612
984,Philadelphia,Budget,8,5.897544362015187
985,Phoenix,Premium,9,10.927252589194685
986,San Jose,Budget,5,12.130311455264176
987,San Antonio,Budget,7,10.064962444640242
988,San Antonio,Budget,3,25.86512562874562
989,Chicago,Premium,5,22.470618332907744
990,Phoenix,Budget,5,15.656647448402365
991,Los Angeles,Budget,3,5.919319440473709
992,San Diego,Budget,2,17.1747041372912
993,San Diego,Premium,7,31.479438295421073
994,Dallas,Premium,6,20.46770517325547
995,Dallas,Budget,5,7.627628421994414
996,Chicago,Premium,6,11.112589774184535
997,San Jose,Premium,7,13.870370507423162
998,New York,Budget,8,18.77286017740099
999,Dallas,Premium,9,48.730413100662304
1000,Houston,Premium,6,10.90363754642228
